{
  "timestamp": "2026-01-04T15:06:43.320582",
  "summary": {
    "total_directories": 174,
    "total_files": 3407,
    "total_size_bytes": 334425979,
    "total_size_mb": 318.9334669113159,
    "total_size_gb": 0.31145846378058195,
    "max_depth": 4
  },
  "depth_distribution": {
    "1": 38,
    "2": 94,
    "3": 30,
    "4": 12
  },
  "category_statistics": {
    "root": {
      "directories": 0,
      "files": 150,
      "size_mb": 86.55243682861328
    },
    "MISC": {
      "directories": 1,
      "files": 3,
      "size_mb": 0.020318984985351562
    },
    "documentation": {
      "directories": 6,
      "files": 139,
      "size_mb": 11.312885284423828
    },
    "file_organization": {
      "directories": 1,
      "files": 43,
      "size_mb": 0.39216041564941406
    },
    "platforms": {
      "directories": 1,
      "files": 1,
      "size_mb": 0.000640869140625
    },
    "tools": {
      "directories": 85,
      "files": 1297,
      "size_mb": 89.29751205444336
    },
    "spicetify-themes": {
      "directories": 1,
      "files": 27,
      "size_mb": 0.5718955993652344
    },
    "txt": {
      "directories": 1,
      "files": 36,
      "size_mb": 6.398393630981445
    },
    "config": {
      "directories": 1,
      "files": 8,
      "size_mb": 0.004591941833496094
    },
    "remove-bg-cli": {
      "directories": 1,
      "files": 5,
      "size_mb": 0.012582778930664062
    },
    "references": {
      "directories": 1,
      "files": 2,
      "size_mb": 0.016631126403808594
    },
    "SEO_MARKETING": {
      "directories": 1,
      "files": 18,
      "size_mb": 0.27562713623046875
    },
    "projects": {
      "directories": 5,
      "files": 59,
      "size_mb": 15.072340965270996
    },
    ".env.d": {
      "directories": 1,
      "files": 1,
      "size_mb": 0.0002593994140625
    },
    ".agents": {
      "directories": 1,
      "files": 1,
      "size_mb": 0.008209228515625
    },
    "axolotl-main": {
      "directories": 21,
      "files": 479,
      "size_mb": 6.700789451599121
    },
    ".claude": {
      "directories": 1,
      "files": 1,
      "size_mb": 0.00018978118896484375
    },
    "CONTENT": {
      "directories": 2,
      "files": 19,
      "size_mb": 0.1106882095336914
    },
    "audio_generation": {
      "directories": 2,
      "files": 0,
      "size_mb": 0.0
    },
    "__pycache__": {
      "directories": 1,
      "files": 1,
      "size_mb": 0.0108642578125
    },
    "TG-MegaBot": {
      "directories": 1,
      "files": 3,
      "size_mb": 0.006855010986328125
    },
    ".history": {
      "directories": 1,
      "files": 5,
      "size_mb": 0.10326766967773438
    },
    "simplegallery": {
      "directories": 6,
      "files": 259,
      "size_mb": 23.338354110717773
    },
    "avatararts-deployment": {
      "directories": 1,
      "files": 1,
      "size_mb": 0.013407707214355469
    },
    "MEDIA_PROCESSING": {
      "directories": 10,
      "files": 425,
      "size_mb": 6.424594879150391
    },
    "audio_transcription": {
      "directories": 1,
      "files": 0,
      "size_mb": 0.0
    },
    "MarkD": {
      "directories": 1,
      "files": 66,
      "size_mb": 1.8156566619873047
    },
    "deepdive_scan_20251225_023925": {
      "directories": 1,
      "files": 3,
      "size_mb": 7.900138854980469
    },
    ".playwright-mcp": {
      "directories": 1,
      "files": 1,
      "size_mb": 0.3796424865722656
    },
    "avatararts": {
      "directories": 1,
      "files": 3,
      "size_mb": 0.011223793029785156
    },
    "botty": {
      "directories": 1,
      "files": 13,
      "size_mb": 0.8931131362915039
    },
    "gol-ia-newq": {
      "directories": 2,
      "files": 116,
      "size_mb": 58.649505615234375
    },
    ".aider.tags.cache.v4": {
      "directories": 1,
      "files": 1,
      "size_mb": 0.03125
    },
    "data": {
      "directories": 2,
      "files": 48,
      "size_mb": 0.3445596694946289
    },
    "revenue-dashboard": {
      "directories": 1,
      "files": 3,
      "size_mb": 0.009164810180664062
    },
    "system-archive": {
      "directories": 4,
      "files": 73,
      "size_mb": 1.1050500869750977
    },
    "WEBSITES": {
      "directories": 3,
      "files": 87,
      "size_mb": 1.0633726119995117
    },
    "n8n-local": {
      "directories": 1,
      "files": 2,
      "size_mb": 0.0052280426025390625
    },
    "cataloging": {
      "directories": 1,
      "files": 8,
      "size_mb": 0.0800638198852539
    }
  },
  "file_types": {
    ".py": 1766,
    ".md": 465,
    ".json": 229,
    "no_extension": 127,
    ".txt": 118,
    ".yml": 95,
    ".ts": 72,
    ".woff2": 43,
    ".js": 41,
    ".csv": 40,
    ".png": 39,
    ".qmd": 37,
    ".tsx": 33,
    ".yaml": 32,
    ".jinja": 24,
    ".html": 22,
    ".sh": 21,
    ".woff": 19,
    ".zip": 17,
    ".ipynb": 16
  },
  "top_categories": [
    [
      "tools",
      {
        "dirs": 85,
        "files": 1297,
        "size": 93635228
      }
    ],
    [
      "axolotl-main",
      {
        "dirs": 21,
        "files": 479,
        "size": 7026287
      }
    ],
    [
      "MEDIA_PROCESSING",
      {
        "dirs": 10,
        "files": 425,
        "size": 6736676
      }
    ],
    [
      "documentation",
      {
        "dirs": 6,
        "files": 139,
        "size": 11862420
      }
    ],
    [
      "simplegallery",
      {
        "dirs": 6,
        "files": 259,
        "size": 24472038
      }
    ],
    [
      "projects",
      {
        "dirs": 5,
        "files": 59,
        "size": 15804495
      }
    ],
    [
      "system-archive",
      {
        "dirs": 4,
        "files": 73,
        "size": 1158729
      }
    ],
    [
      "WEBSITES",
      {
        "dirs": 3,
        "files": 87,
        "size": 1115027
      }
    ],
    [
      "CONTENT",
      {
        "dirs": 2,
        "files": 19,
        "size": 116065
      }
    ],
    [
      "audio_generation",
      {
        "dirs": 2,
        "files": 0,
        "size": 0
      }
    ],
    [
      "gol-ia-newq",
      {
        "dirs": 2,
        "files": 116,
        "size": 61498464
      }
    ],
    [
      "data",
      {
        "dirs": 2,
        "files": 48,
        "size": 361297
      }
    ],
    [
      "MISC",
      {
        "dirs": 1,
        "files": 3,
        "size": 21306
      }
    ],
    [
      "file_organization",
      {
        "dirs": 1,
        "files": 43,
        "size": 411210
      }
    ],
    [
      "platforms",
      {
        "dirs": 1,
        "files": 1,
        "size": 672
      }
    ]
  ]
}